new_id,num_contratos,prom_dias_retraso,cuotas_mora,refin_count,edad,plazo,precio_final,riesgo,fecha_calculo
0037ab0b,1,11.35,34,0,30,48,49557.73,ALTO,"2025-10-26 15:06:04"
00ef239d,1,9.75,23,0,29,36,36007.79,ALTO,"2025-10-26 15:06:04"
0226fa48,1,8.68,33,0,24,60,37394.88,ALTO,"2025-10-26 15:06:04"
05d84c15,1,1.52,7,1,27,48,38084.23,MEDIO,"2025-10-26 15:06:04"
06466303,1,6.53,17,0,22,36,49513.42,MEDIO,"2025-10-26 15:06:04"
068383a5,1,2.90,7,0,27,48,38239.03,BAJO,"2025-10-26 15:06:04"
075d35e4,1,8.48,26,0,25,48,24365.58,ALTO,"2025-10-26 15:06:04"
07a5abb5,1,9.35,36,0,23,60,48674.38,ALTO,"2025-10-26 15:06:04"
08c32714,1,2.40,8,0,30,60,25050.01,BAJO,"2025-10-26 15:06:04"
08f27f92,1,7.63,21,0,23,48,48957.94,MEDIO,"2025-10-26 15:06:04"
0a76d96f,1,8.14,15,0,22,36,38289.86,MEDIO,"2025-10-26 15:06:04"
0b7146e6,1,0.68,3,0,26,60,48599.07,BAJO,"2025-10-26 15:06:04"
0bdc9682,1,7.19,23,0,23,48,58573.56,MEDIO,"2025-10-26 15:06:04"
0c2412fc,1,2.68,9,0,24,60,48638.48,BAJO,"2025-10-26 15:06:04"
0cf77c8c,1,5.17,20,0,28,60,49187.74,MEDIO,"2025-10-26 15:06:04"
0d6ceb3f,1,1.93,6,0,27,60,48849.55,BAJO,"2025-10-26 15:06:04"
0d93044d,1,10.46,31,0,29,48,59406.05,ALTO,"2025-10-26 15:06:04"
0ec18686,1,8.79,28,0,30,48,58953.89,ALTO,"2025-10-26 15:06:04"
0f517036,1,7.04,25,0,28,48,24294.74,ALTO,"2025-10-26 15:06:04"
108bf704,1,2.23,9,0,24,60,37054.49,BAJO,"2025-10-26 15:06:04"
11406bef,1,7.71,19,0,30,48,48360.58,MEDIO,"2025-10-26 15:06:04"
11f42977,1,10.53,26,0,26,36,49076.78,ALTO,"2025-10-26 15:06:04"
126837d9,1,7.08,29,0,27,60,37518.79,ALTO,"2025-10-26 15:06:04"
1270b939,1,11.02,35,0,25,48,59188.56,ALTO,"2025-10-26 15:06:04"
1428c6eb,1,10.67,21,0,23,36,24184.11,ALTO,"2025-10-26 15:06:04"
143b5a9b,1,0.35,1,0,27,60,49627.65,BAJO,"2025-10-26 15:06:04"
1526cace,1,5.42,16,0,30,48,37689.75,MEDIO,"2025-10-26 15:06:04"
154fe0a2,1,6.89,14,0,28,36,37670.56,MEDIO,"2025-10-26 15:06:04"
1655a6aa,1,2.65,4,0,23,48,49471.37,BAJO,"2025-10-26 15:06:04"
165d26ee,1,9.72,23,0,28,36,24740.06,ALTO,"2025-10-26 15:06:04"
18e0f51a,1,2.65,8,0,27,60,35489.96,BAJO,"2025-10-26 15:06:04"
1b4bd298,1,12.23,35,0,22,48,49561.82,ALTO,"2025-10-26 15:06:04"
1b58e57b,1,1.52,5,0,24,60,49119.67,BAJO,"2025-10-26 15:06:04"
1b78cbda,1,3.98,14,0,23,48,48782.52,MEDIO,"2025-10-26 15:06:04"
1bd7856e,1,1.35,3,0,24,60,38378.05,BAJO,"2025-10-26 15:06:04"
1c0888e0,1,6.64,13,0,23,36,48403.59,MEDIO,"2025-10-26 15:06:04"
1c357d03,1,3.67,9,0,27,48,49016.62,MEDIO,"2025-10-26 15:06:04"
1c8c4866,1,8.98,33,0,28,60,37434.60,ALTO,"2025-10-26 15:06:04"
1f690784,1,7.42,26,0,23,60,48808.69,ALTO,"2025-10-26 15:06:04"
1f692ce3,1,8.69,27,0,26,48,37905.81,ALTO,"2025-10-26 15:06:04"
206fbc9d,1,12.17,25,0,23,36,26371.35,ALTO,"2025-10-26 15:06:04"
213252eb,1,8.33,32,0,24,60,37229.74,ALTO,"2025-10-26 15:06:04"
21920b17,1,0.00,0,0,28,60,37822.68,BAJO,"2025-10-26 15:06:04"
223b9fec,1,4.47,12,0,25,36,59437.82,MEDIO,"2025-10-26 15:06:04"
230d0b9d,1,5.20,19,0,26,60,49254.07,MEDIO,"2025-10-26 15:06:04"
23d26d78,1,3.81,12,0,30,48,48293.51,MEDIO,"2025-10-26 15:06:04"
25aca8a1,1,12.56,25,0,25,36,59474.52,ALTO,"2025-10-26 15:06:04"
25e9ebd7,1,7.72,16,0,24,36,37994.92,MEDIO,"2025-10-26 15:06:04"
2644528d,1,7.13,24,0,22,60,48842.01,MEDIO,"2025-10-26 15:06:04"
264e6e26,1,0.00,0,0,23,36,48949.75,BAJO,"2025-10-26 15:06:04"
2685a24e,1,4.63,17,0,22,60,48949.70,MEDIO,"2025-10-26 15:06:04"
279583ed,1,7.10,19,0,29,48,38194.99,MEDIO,"2025-10-26 15:06:04"
27ba8fae,1,11.33,24,0,25,36,24396.91,ALTO,"2025-10-26 15:06:04"
27f1f009,1,6.56,12,0,24,36,38078.20,MEDIO,"2025-10-26 15:06:04"
29281f4f,1,9.03,31,0,27,60,48714.18,ALTO,"2025-10-26 15:06:04"
297da887,1,10.18,36,0,22,60,49530.93,ALTO,"2025-10-26 15:06:04"
2b6d0c88,1,4.56,9,0,27,36,48221.33,MEDIO,"2025-10-26 15:06:04"
2baecd24,1,9.31,19,0,22,36,37244.15,ALTO,"2025-10-26 15:06:04"
2be78792,1,3.33,12,0,30,60,58944.48,MEDIO,"2025-10-26 15:06:04"
2cbc7f61,1,1.31,4,0,28,48,49155.23,BAJO,"2025-10-26 15:06:04"
2d39ee13,1,6.17,15,0,22,48,59543.95,MEDIO,"2025-10-26 15:06:04"
2daa5023,1,7.10,29,0,26,60,37749.70,ALTO,"2025-10-26 15:06:04"
2eb82ce4,1,3.78,14,0,26,60,49038.16,MEDIO,"2025-10-26 15:06:04"
2f6abfc1,1,9.05,35,0,23,60,59646.64,ALTO,"2025-10-26 15:06:04"
2f70746b,1,3.60,14,0,29,60,49120.73,MEDIO,"2025-10-26 15:06:04"
2f7bb401,1,2.27,8,0,24,60,49041.99,BAJO,"2025-10-26 15:06:04"
2fa55009,1,4.02,15,0,29,60,49287.34,MEDIO,"2025-10-26 15:06:04"
2ff4ef01,1,6.43,23,0,27,60,49177.16,MEDIO,"2025-10-26 15:06:04"
318fd0bc,1,2.64,6,0,23,36,37611.05,BAJO,"2025-10-26 15:06:04"
33846769,1,10.27,27,0,29,48,24714.84,ALTO,"2025-10-26 15:06:04"
33be374c,1,6.05,23,0,21,60,49553.10,MEDIO,"2025-10-26 15:06:04"
347e5df6,1,2.13,7,0,26,60,59759.71,BAJO,"2025-10-26 15:06:04"
34fc0211,1,7.13,25,0,22,60,59421.85,ALTO,"2025-10-26 15:06:04"
35372810,1,4.33,10,0,23,36,37950.78,MEDIO,"2025-10-26 15:06:04"
35867c12,1,4.90,18,0,30,60,59072.29,MEDIO,"2025-10-26 15:06:04"
35a604ab,1,4.27,14,0,25,48,24345.94,MEDIO,"2025-10-26 15:06:04"
364a6f6e,1,7.33,25,0,23,60,24777.65,ALTO,"2025-10-26 15:06:04"
366b1126,1,3.43,13,0,23,60,24872.30,MEDIO,"2025-10-26 15:06:04"
37982ba2,1,7.83,17,0,28,36,48222.87,MEDIO,"2025-10-26 15:06:04"
383fe20c,1,10.75,22,0,22,36,49634.40,ALTO,"2025-10-26 15:06:04"
386c9710,1,4.32,15,0,21,60,49530.07,MEDIO,"2025-10-26 15:06:04"
38c29a00,1,3.98,15,0,29,60,36313.74,MEDIO,"2025-10-26 15:06:04"
38f9651c,1,1.39,4,0,25,36,58936.44,BAJO,"2025-10-26 15:06:04"
391e2e28,1,12.28,27,0,24,36,28394.24,ALTO,"2025-10-26 15:06:04"
3bc9b89d,1,10.50,31,0,23,48,35485.33,ALTO,"2025-10-26 15:06:04"
3bcb290d,1,3.50,13,0,26,60,24522.78,MEDIO,"2025-10-26 15:06:04"
3cbe102f,1,10.28,37,0,26,60,48248.87,ALTO,"2025-10-26 15:06:04"
3dd41702,1,7.98,26,0,22,48,35916.43,ALTO,"2025-10-26 15:06:04"
3e5f92ea,1,5.98,22,0,29,60,35378.62,MEDIO,"2025-10-26 15:06:04"
3f619e89,1,7.61,14,0,30,36,49367.12,MEDIO,"2025-10-26 15:06:04"
40c05dc5,1,7.85,31,0,22,60,49069.60,ALTO,"2025-10-26 15:06:04"
40e606b3,1,5.45,19,0,29,60,36237.00,MEDIO,"2025-10-26 15:06:04"
41b4fd18,1,6.50,21,0,28,48,37955.63,MEDIO,"2025-10-26 15:06:04"
423290c3,1,5.15,14,0,26,48,38026.10,MEDIO,"2025-10-26 15:06:04"
42a0ab44,1,0.81,2,0,22,48,59163.08,BAJO,"2025-10-26 15:06:04"
43f4f9b4,1,1.25,5,0,24,60,37524.97,BAJO,"2025-10-26 15:06:04"
44950d0a,1,5.15,21,0,23,60,48481.47,MEDIO,"2025-10-26 15:06:04"
4650246e,1,1.92,6,0,22,60,49556.50,BAJO,"2025-10-26 15:06:04"
470a8cfc,1,8.48,23,0,23,48,59218.15,MEDIO,"2025-10-26 15:06:04"
470d5652,1,10.75,24,0,23,36,37788.08,ALTO,"2025-10-26 15:06:04"
48143f32,1,8.92,21,0,24,36,37995.42,MEDIO,"2025-10-26 15:06:04"
48226bbf,1,5.22,12,0,30,36,48966.16,MEDIO,"2025-10-26 15:06:04"
487fd1f2,1,5.58,17,0,24,48,49613.41,MEDIO,"2025-10-26 15:06:04"
48a4b51b,1,4.22,16,0,24,60,25450.49,MEDIO,"2025-10-26 15:06:04"
48eacc62,1,11.58,34,0,26,48,38425.90,ALTO,"2025-10-26 15:06:04"
49a92596,1,4.88,16,0,25,48,38047.94,MEDIO,"2025-10-26 15:06:04"
49dc254f,1,10.23,32,0,22,48,25023.02,ALTO,"2025-10-26 15:06:04"
4a6984e5,1,8.00,22,0,22,48,48307.37,MEDIO,"2025-10-26 15:06:04"
4b39a666,1,3.30,14,0,23,60,38088.97,MEDIO,"2025-10-26 15:06:04"
4bd08638,1,8.12,30,0,25,60,49151.24,ALTO,"2025-10-26 15:06:04"
4dc44409,1,0.00,0,0,22,60,36250.30,BAJO,"2025-10-26 15:06:04"
4e230a06,1,2.38,9,0,27,60,59141.47,BAJO,"2025-10-26 15:06:04"
4eb512ac,1,10.08,35,0,23,60,37439.54,ALTO,"2025-10-26 15:06:04"
4ed3889b,1,2.29,8,0,25,48,58989.25,BAJO,"2025-10-26 15:06:04"
4f64848b,1,10.98,28,0,23,48,37200.47,ALTO,"2025-10-26 15:06:04"
4f683cc4,1,4.73,17,0,22,60,26064.53,MEDIO,"2025-10-26 15:06:04"
4f76ce00,1,9.21,26,0,29,48,48747.97,ALTO,"2025-10-26 15:06:04"
506c29dc,1,7.63,30,0,27,60,59824.92,ALTO,"2025-10-26 15:06:04"
5306577d,1,5.25,16,0,24,48,25421.40,MEDIO,"2025-10-26 15:06:04"
533bc7f4,1,7.06,18,0,21,36,48739.06,MEDIO,"2025-10-26 15:06:04"
53fb9719,1,3.77,13,0,26,60,38182.89,MEDIO,"2025-10-26 15:06:04"
54301f34,1,2.29,6,0,26,48,38284.11,BAJO,"2025-10-26 15:06:04"
54489034,1,10.42,23,0,22,36,37782.51,ALTO,"2025-10-26 15:06:04"
558f99ab,1,5.77,17,0,26,48,48843.33,MEDIO,"2025-10-26 15:06:04"
55d1fa89,1,4.31,7,0,29,36,27158.84,MEDIO,"2025-10-26 15:06:04"
5664c692,1,8.67,20,0,24,36,59258.07,MEDIO,"2025-10-26 15:06:04"
5685c2e8,1,9.13,22,0,26,48,59588.97,ALTO,"2025-10-26 15:06:04"
56dde726,1,1.37,6,0,23,60,35495.67,BAJO,"2025-10-26 15:06:04"
56f2224f,1,4.20,18,0,30,60,37905.37,MEDIO,"2025-10-26 15:06:04"
5734f3ea,1,3.75,15,0,25,60,38273.30,MEDIO,"2025-10-26 15:06:04"
5740ab7e,1,10.28,34,0,29,60,25439.20,ALTO,"2025-10-26 15:06:04"
57970496,1,4.90,15,0,29,48,35423.14,MEDIO,"2025-10-26 15:06:04"
58386aac,1,2.88,9,0,24,48,37690.16,BAJO,"2025-10-26 15:06:04"
5854fe93,1,2.88,9,0,26,48,59053.51,BAJO,"2025-10-26 15:06:04"
5858edc4,1,6.69,16,0,26,48,48356.18,MEDIO,"2025-10-26 15:06:04"
5888ff19,1,12.08,26,0,23,36,24579.66,ALTO,"2025-10-26 15:06:04"
59a3d7c6,1,0.00,0,0,29,36,48949.75,BAJO,"2025-10-26 15:06:04"
5a40d58e,1,5.83,21,0,28,60,35810.53,MEDIO,"2025-10-26 15:06:04"
5aa15c21,1,2.17,7,0,24,60,35280.31,BAJO,"2025-10-26 15:06:04"
5b5b6d7a,1,3.89,8,0,29,36,36472.69,MEDIO,"2025-10-26 15:06:04"
5cd8cec9,1,1.53,6,0,23,60,48709.20,BAJO,"2025-10-26 15:06:04"
5ce0ce81,1,7.15,22,0,28,48,49134.92,MEDIO,"2025-10-26 15:06:04"
5f08deb4,1,8.15,23,0,24,48,48689.36,MEDIO,"2025-10-26 15:06:04"
601701d0,1,5.96,16,0,27,48,35859.72,MEDIO,"2025-10-26 15:06:04"
60fe164e,1,9.25,20,0,30,36,38204.25,ALTO,"2025-10-26 15:06:04"
61645ef7,1,5.48,23,0,21,60,49295.89,MEDIO,"2025-10-26 15:06:04"
61bc12a9,1,8.88,24,0,24,48,24577.19,MEDIO,"2025-10-26 15:06:04"
61c24c2a,1,7.56,17,0,28,36,36253.34,MEDIO,"2025-10-26 15:06:04"
62e8c07b,1,7.06,18,0,30,36,24757.52,MEDIO,"2025-10-26 15:06:04"
631391f6,1,2.42,3,0,23,60,37307.86,BAJO,"2025-10-26 15:06:04"
6342c7e3,1,5.15,18,0,26,60,37057.00,MEDIO,"2025-10-26 15:06:04"
639d13ff,1,3.82,14,0,24,60,58699.58,MEDIO,"2025-10-26 15:06:04"
63ddd0ac,1,2.90,7,0,29,48,38239.03,BAJO,"2025-10-26 15:06:04"
63fffc3c,1,3.98,13,0,28,60,49490.28,MEDIO,"2025-10-26 15:06:04"
662e23ef,1,8.64,18,0,28,36,28214.76,MEDIO,"2025-10-26 15:06:04"
669be3a7,1,3.32,11,0,26,60,38425.97,MEDIO,"2025-10-26 15:06:04"
67beba35,1,6.27,19,0,26,48,59818.03,MEDIO,"2025-10-26 15:06:04"
699d43ba,1,2.79,9,0,28,48,26815.18,BAJO,"2025-10-26 15:06:04"
6a0510d2,1,4.15,16,0,28,60,38130.46,MEDIO,"2025-10-26 15:06:04"
6aa7a0cc,1,6.73,19,0,24,48,58925.39,MEDIO,"2025-10-26 15:06:04"
6c09bea8,1,2.72,11,0,29,60,37405.12,MEDIO,"2025-10-26 15:06:04"
6c0edd3b,1,3.21,11,0,25,48,37211.78,MEDIO,"2025-10-26 15:06:04"
6c6da86f,1,7.33,27,0,28,60,27428.57,ALTO,"2025-10-26 15:06:04"
6dfa6291,1,2.46,8,0,23,48,58605.81,BAJO,"2025-10-26 15:06:04"
6e7de07d,1,1.94,7,0,24,48,37153.12,BAJO,"2025-10-26 15:06:04"
6ee36efe,1,9.47,21,0,30,36,37885.61,ALTO,"2025-10-26 15:06:04"
7037aa16,1,9.65,28,0,27,48,37920.49,ALTO,"2025-10-26 15:06:04"
70f70fd5,1,2.45,9,0,25,60,48998.69,BAJO,"2025-10-26 15:06:04"
72444fd6,1,2.55,9,0,27,60,37157.11,BAJO,"2025-10-26 15:06:04"
7329746c,1,11.50,25,0,24,36,24704.91,ALTO,"2025-10-26 15:06:04"
734bfb31,1,4.70,16,0,30,60,48306.20,MEDIO,"2025-10-26 15:06:04"
73cdfc29,1,2.04,7,0,24,48,36130.16,BAJO,"2025-10-26 15:06:04"
76279403,1,8.44,19,0,25,36,37684.47,MEDIO,"2025-10-26 15:06:04"
769966b8,1,10.03,24,0,29,36,24989.34,ALTO,"2025-10-26 15:06:04"
773cb1c9,1,0.12,1,0,22,60,35972.77,BAJO,"2025-10-26 15:06:04"
77a6fc4b,1,11.75,23,0,23,36,58972.63,ALTO,"2025-10-26 15:06:04"
7979c1c4,1,3.45,15,0,28,60,37369.97,MEDIO,"2025-10-26 15:06:04"
79a222c5,1,1.48,4,0,28,48,48836.89,BAJO,"2025-10-26 15:06:04"
7b9174a2,1,0.00,0,0,28,36,59409.81,BAJO,"2025-10-26 15:06:04"
7b96ebc0,1,7.31,18,0,22,36,35200.22,MEDIO,"2025-10-26 15:06:04"
7bdb59d0,1,10.06,22,0,26,36,37316.83,ALTO,"2025-10-26 15:06:04"
7c417a1a,1,1.20,6,0,27,60,25333.28,BAJO,"2025-10-26 15:06:04"
7c794adc,1,1.73,7,0,28,48,35900.39,BAJO,"2025-10-26 15:06:04"
7d0ce8cc,1,5.33,15,0,26,48,37069.48,MEDIO,"2025-10-26 15:06:04"
7d1aac77,1,2.35,9,0,30,60,49608.06,BAJO,"2025-10-26 15:06:04"
7d6e8428,1,6.64,13,0,25,36,48403.59,MEDIO,"2025-10-26 15:06:04"
7dccf205,1,5.08,11,0,29,36,38038.11,MEDIO,"2025-10-26 15:06:04"
7e41aff8,1,11.50,25,0,25,36,24704.91,ALTO,"2025-10-26 15:06:04"
8079a1f1,1,4.94,11,0,27,36,37617.66,MEDIO,"2025-10-26 15:06:04"
8121a3dc,1,2.63,7,0,27,48,59946.39,BAJO,"2025-10-26 15:06:04"
81335093,1,5.48,18,0,21,60,26080.44,MEDIO,"2025-10-26 15:06:04"
81b997a6,1,4.35,13,0,24,48,48645.90,MEDIO,"2025-10-26 15:06:04"
82c98a2e,1,2.78,6,0,26,36,59883.60,BAJO,"2025-10-26 15:06:04"
8367b342,1,4.31,10,0,27,36,59216.74,MEDIO,"2025-10-26 15:06:04"
83831e4c,1,8.83,18,0,22,36,49423.48,MEDIO,"2025-10-26 15:06:04"
8405fb65,1,2.80,10,0,22,60,48846.77,MEDIO,"2025-10-26 15:06:04"
846518ed,1,10.75,23,0,29,36,59860.43,ALTO,"2025-10-26 15:06:04"
84b9628b,1,12.56,26,0,24,36,37753.42,ALTO,"2025-10-26 15:06:04"
84c359bd,1,9.50,26,0,29,48,38019.34,ALTO,"2025-10-26 15:06:04"
84e6b9ec,1,4.40,13,0,30,48,37018.94,MEDIO,"2025-10-26 15:06:04"
85267c33,1,7.97,17,0,24,36,49363.76,MEDIO,"2025-10-26 15:06:04"
858b9026,1,10.89,21,0,22,36,49007.92,ALTO,"2025-10-26 15:06:04"
862923a5,1,6.02,21,0,28,60,38297.40,MEDIO,"2025-10-26 15:06:04"
873b18c5,1,9.38,36,0,28,60,26343.73,ALTO,"2025-10-26 15:06:04"
87828721,1,9.97,24,0,26,36,59842.59,ALTO,"2025-10-26 15:06:04"
8836caf7,1,10.86,23,0,28,36,25044.75,ALTO,"2025-10-26 15:06:04"
8ac73fca,1,10.58,27,0,24,36,49219.39,ALTO,"2025-10-26 15:06:04"
8b228368,1,11.89,24,0,23,36,59426.05,ALTO,"2025-10-26 15:06:04"
8b577ba2,1,8.80,30,0,22,60,58580.47,ALTO,"2025-10-26 15:06:04"
8b5f205b,1,8.65,25,0,23,48,48357.93,ALTO,"2025-10-26 15:06:04"
8ca86d66,1,5.23,16,0,26,48,59192.94,MEDIO,"2025-10-26 15:06:04"
8d372b4c,1,8.19,25,0,25,48,59125.30,ALTO,"2025-10-26 15:06:04"
8e223176,1,10.72,23,0,26,36,37764.73,ALTO,"2025-10-26 15:06:04"
8eec5fe1,1,5.27,20,0,22,60,26389.69,MEDIO,"2025-10-26 15:06:04"
8f32962e,2,4.08,17,0,29,36,59521.84,MEDIO,"2025-10-26 15:06:04"
92d51aa7,1,11.40,32,0,27,48,59088.08,ALTO,"2025-10-26 15:06:04"
96610c8d,1,10.27,31,0,25,48,59408.88,ALTO,"2025-10-26 15:06:04"
96ab9f6a,1,11.17,25,0,28,36,49698.19,ALTO,"2025-10-26 15:06:04"
9775c62b,1,7.79,25,0,24,48,48281.55,ALTO,"2025-10-26 15:06:04"
97cadf85,1,6.60,24,0,30,60,58572.20,MEDIO,"2025-10-26 15:06:04"
9809eb0c,1,11.00,25,0,22,36,59475.48,ALTO,"2025-10-26 15:06:04"
986159f0,1,6.70,24,0,22,60,24310.30,MEDIO,"2025-10-26 15:06:04"
9a8e4a70,1,0.07,0,0,29,60,36230.83,BAJO,"2025-10-26 15:06:04"
9bdd6d74,1,5.57,24,0,24,60,24875.46,MEDIO,"2025-10-26 15:06:04"
9c397592,1,10.10,28,0,24,48,59599.36,ALTO,"2025-10-26 15:06:04"
9c615aa8,1,6.19,15,0,24,36,48940.41,MEDIO,"2025-10-26 15:06:04"
9ce0a336,1,0.06,0,0,30,48,37908.96,BAJO,"2025-10-26 15:06:04"
9ce612ad,1,10.67,36,0,22,60,35591.01,ALTO,"2025-10-26 15:06:04"
9dbc1dda,1,10.03,21,0,26,36,26310.24,ALTO,"2025-10-26 15:06:04"
9e09ac2c,1,0.52,1,0,22,60,38452.31,BAJO,"2025-10-26 15:06:04"
9e8e1e41,1,8.85,32,0,21,60,59153.52,ALTO,"2025-10-26 15:06:04"
9f004d12,1,7.56,17,0,27,36,36253.34,MEDIO,"2025-10-26 15:06:04"
a01318ed,1,10.02,35,0,25,60,49525.66,ALTO,"2025-10-26 15:06:04"
a01a26b8,1,5.60,22,0,26,60,48352.04,MEDIO,"2025-10-26 15:06:04"
a04af560,1,6.86,14,0,22,36,36137.98,MEDIO,"2025-10-26 15:06:04"
a08fcbcb,1,9.38,30,0,23,48,49518.06,ALTO,"2025-10-26 15:06:04"
a320dd66,1,4.52,16,0,21,60,38432.79,MEDIO,"2025-10-26 15:06:04"
a5a96718,1,6.50,17,0,30,36,37572.36,MEDIO,"2025-10-26 15:06:04"
a63833b7,1,8.25,32,0,22,60,34842.46,ALTO,"2025-10-26 15:06:04"
a8e407e7,1,1.08,5,0,23,48,37831.26,BAJO,"2025-10-26 15:06:04"
a92c8fb9,1,9.58,21,0,27,36,49566.58,ALTO,"2025-10-26 15:06:04"
a9c00b50,1,11.58,25,0,29,36,24369.88,ALTO,"2025-10-26 15:06:04"
a9c3dc16,1,1.21,2,0,29,48,26433.16,BAJO,"2025-10-26 15:06:04"
aacd54ad,1,6.82,25,0,29,60,24377.79,ALTO,"2025-10-26 15:06:04"
ab248778,1,13.17,34,0,26,48,37825.36,ALTO,"2025-10-26 15:06:04"
ab917b8b,1,5.27,19,0,29,60,37208.87,MEDIO,"2025-10-26 15:06:04"
ab963511,1,9.86,22,0,26,36,49484.28,ALTO,"2025-10-26 15:06:04"
aca450fe,1,4.04,13,0,25,48,37263.91,MEDIO,"2025-10-26 15:06:04"
acaa20f0,1,2.43,9,0,23,60,35555.49,BAJO,"2025-10-26 15:06:04"
ad2f5295,1,6.29,16,0,29,48,38300.37,MEDIO,"2025-10-26 15:06:04"
ae1cde49,1,3.11,7,0,29,36,49464.96,MEDIO,"2025-10-26 15:06:04"
ae52c1fb,1,9.31,27,0,28,48,38366.96,ALTO,"2025-10-26 15:06:04"
ae6b6ae8,1,3.40,14,0,26,60,49287.64,MEDIO,"2025-10-26 15:06:04"
af1144dc,1,2.87,4,0,27,60,37731.91,BAJO,"2025-10-26 15:06:04"
af2586ed,1,9.21,31,0,26,48,49015.87,ALTO,"2025-10-26 15:06:04"
af48da73,1,6.83,22,0,22,48,38098.87,MEDIO,"2025-10-26 15:06:04"
afd90a58,1,7.50,24,0,29,48,48597.85,MEDIO,"2025-10-26 15:06:04"
aff14696,1,3.85,13,0,25,60,59755.51,MEDIO,"2025-10-26 15:06:04"
b035ccbf,1,8.94,21,0,24,36,38415.65,MEDIO,"2025-10-26 15:06:04"
b049d0b9,1,3.00,8,0,28,48,38096.66,MEDIO,"2025-10-26 15:06:04"
b07f6652,1,4.85,14,0,23,60,59263.12,MEDIO,"2025-10-26 15:06:04"
b1e1ffd3,1,5.87,23,0,27,60,25434.88,MEDIO,"2025-10-26 15:06:04"
b24c34de,1,1.94,5,0,26,48,48282.52,BAJO,"2025-10-26 15:06:04"
b2539d43,1,7.13,26,0,26,60,37349.07,ALTO,"2025-10-26 15:06:04"
b47d0b25,1,3.72,15,0,24,60,48797.66,MEDIO,"2025-10-26 15:06:04"
b48b2eb0,1,4.75,11,0,23,36,38267.47,MEDIO,"2025-10-26 15:06:04"
b4b75d7e,1,3.42,9,0,22,48,24206.53,MEDIO,"2025-10-26 15:06:04"
b62610e8,1,0.81,3,0,27,48,37028.83,BAJO,"2025-10-26 15:06:04"
b6539892,1,4.42,13,0,30,48,59454.36,MEDIO,"2025-10-26 15:06:04"
b68b70ca,1,1.67,4,0,29,36,38473.73,BAJO,"2025-10-26 15:06:04"
b8e742f9,1,11.00,23,0,22,36,48609.46,ALTO,"2025-10-26 15:06:04"
b9ab675e,1,3.67,13,0,27,60,59479.54,MEDIO,"2025-10-26 15:06:04"
b9b0d41b,1,2.27,7,0,24,48,36080.89,BAJO,"2025-10-26 15:06:04"
bb45bef4,1,2.08,9,0,26,60,48618.17,BAJO,"2025-10-26 15:06:04"
bb8812b2,1,9.00,18,0,28,36,37810.62,ALTO,"2025-10-26 15:06:04"
bc0c6061,1,8.08,17,0,28,36,37825.76,MEDIO,"2025-10-26 15:06:04"
bc65f92c,1,5.85,19,0,30,48,27219.31,MEDIO,"2025-10-26 15:06:04"
bd3cbe28,1,6.42,17,0,27,36,49184.39,MEDIO,"2025-10-26 15:06:04"
bd7f8331,1,10.29,30,0,30,48,49521.33,ALTO,"2025-10-26 15:06:04"
be30c99f,1,7.39,17,0,25,36,49468.90,MEDIO,"2025-10-26 15:06:04"
be6e25ba,1,6.72,21,0,24,36,58402.71,MEDIO,"2025-10-26 15:06:04"
bf37d031,1,5.19,11,0,24,36,49142.75,MEDIO,"2025-10-26 15:06:04"
bf7455ee,1,6.96,21,0,26,48,38103.89,MEDIO,"2025-10-26 15:06:04"
bfde0928,1,11.14,25,0,27,36,26498.86,ALTO,"2025-10-26 15:06:04"
c240d983,1,8.22,29,0,26,60,25208.39,ALTO,"2025-10-26 15:06:04"
c275d3c8,1,6.96,22,0,28,48,37858.96,MEDIO,"2025-10-26 15:06:04"
c2cae545,1,9.83,22,0,28,36,49142.88,ALTO,"2025-10-26 15:06:04"
c304e0e3,1,6.65,22,0,27,48,58594.52,MEDIO,"2025-10-26 15:06:04"
c36df55b,1,5.75,15,0,27,48,25479.95,MEDIO,"2025-10-26 15:06:04"
c4529871,1,0.70,3,0,22,60,59725.34,BAJO,"2025-10-26 15:06:04"
c4b67244,1,2.05,6,0,24,60,49548.24,BAJO,"2025-10-26 15:06:04"
c5096318,1,10.48,34,0,27,48,59512.07,ALTO,"2025-10-26 15:06:04"
c55c4f9a,1,6.48,18,0,23,48,25050.12,MEDIO,"2025-10-26 15:06:04"
c7558880,1,1.45,5,0,27,60,58764.04,BAJO,"2025-10-26 15:06:04"
c75b5c3b,1,4.53,15,0,22,60,58562.20,MEDIO,"2025-10-26 15:06:04"
c8c920ed,1,3.02,8,0,26,48,48673.15,MEDIO,"2025-10-26 15:06:04"
c92e2bec,1,3.67,12,0,26,48,24732.01,MEDIO,"2025-10-26 15:06:04"
c9ef6e65,1,7.32,26,0,22,60,48303.33,ALTO,"2025-10-26 15:06:04"
ca6ec76d,1,13.11,28,0,29,36,38308.05,ALTO,"2025-10-26 15:06:04"
cbb6db3c,1,8.60,27,0,25,48,24215.60,ALTO,"2025-10-26 15:06:04"
cbc1164e,1,9.83,38,0,23,60,37839.03,ALTO,"2025-10-26 15:06:04"
cbe20bfa,1,7.43,30,0,27,60,38370.38,ALTO,"2025-10-26 15:06:04"
cc601a5b,1,5.08,11,0,22,36,37211.18,MEDIO,"2025-10-26 15:06:04"
cd1d60ba,1,7.17,22,0,22,48,36018.57,MEDIO,"2025-10-26 15:06:04"
ce060089,1,2.00,7,0,27,60,58897.34,BAJO,"2025-10-26 15:06:04"
ce0a8c8a,1,3.92,8,0,22,36,25394.62,MEDIO,"2025-10-26 15:06:04"
ce697655,1,11.04,32,0,23,48,59832.25,ALTO,"2025-10-26 15:06:04"
cf85fda6,1,9.22,33,0,22,60,49090.11,ALTO,"2025-10-26 15:06:04"
cfb88d64,1,1.93,6,0,29,60,48849.55,BAJO,"2025-10-26 15:06:04"
d1e25153,1,4.88,16,0,23,48,48794.99,MEDIO,"2025-10-26 15:06:04"
d22e719f,1,2.00,5,0,27,48,25306.98,BAJO,"2025-10-26 15:06:04"
d319673f,1,4.25,10,0,25,36,37212.97,MEDIO,"2025-10-26 15:06:04"
d3e7f37c,1,10.33,28,0,30,48,48419.49,ALTO,"2025-10-26 15:06:04"
d4951150,1,6.71,16,0,27,48,37717.94,MEDIO,"2025-10-26 15:06:04"
d53bd3fe,1,2.60,9,0,22,48,59678.49,BAJO,"2025-10-26 15:06:04"
d5625f44,1,3.53,13,0,28,60,38326.11,MEDIO,"2025-10-26 15:06:04"
d569b879,1,4.47,15,0,26,60,37384.39,MEDIO,"2025-10-26 15:06:04"
d59e7061,1,3.86,9,0,26,36,24172.53,MEDIO,"2025-10-26 15:06:04"
d5c07c29,1,9.02,27,0,23,48,37571.96,ALTO,"2025-10-26 15:06:04"
d84cdaba,1,3.77,10,0,23,48,37477.68,MEDIO,"2025-10-26 15:06:04"
d8583b13,1,5.83,12,0,28,36,49348.65,MEDIO,"2025-10-26 15:06:04"
d8a75bf4,1,1.42,5,0,30,60,58946.75,BAJO,"2025-10-26 15:06:04"
d8bc3ce7,1,9.06,26,0,25,48,49626.46,ALTO,"2025-10-26 15:06:04"
d9708e23,1,0.75,2,0,29,48,35190.79,BAJO,"2025-10-26 15:06:04"
d9ba57fd,1,11.56,25,0,22,36,37955.55,ALTO,"2025-10-26 15:06:04"
d9d47f1c,1,1.35,5,0,29,60,59942.47,BAJO,"2025-10-26 15:06:04"
d9fac533,1,8.23,23,0,30,48,35338.91,MEDIO,"2025-10-26 15:06:04"
db8233fd,1,7.75,32,0,29,60,35905.89,ALTO,"2025-10-26 15:06:04"
dc9eef4a,1,10.19,25,0,23,36,25009.60,ALTO,"2025-10-26 15:06:04"
dd351c97,1,8.25,36,0,28,60,24135.40,ALTO,"2025-10-26 15:06:04"
de9f096a,1,10.94,22,0,24,36,59873.89,ALTO,"2025-10-26 15:06:04"
dec3cd9b,1,12.69,26,0,24,36,49032.15,ALTO,"2025-10-26 15:06:04"
dfe95dbf,1,8.27,22,0,29,48,36014.20,MEDIO,"2025-10-26 15:06:04"
e0b6d57b,1,10.38,29,0,26,48,49091.42,ALTO,"2025-10-26 15:06:04"
e20c29ac,1,5.32,19,0,22,60,38246.88,MEDIO,"2025-10-26 15:06:04"
e31f57e1,1,3.92,10,0,23,36,35258.46,MEDIO,"2025-10-26 15:06:04"
e3548334,1,9.33,32,0,28,60,24372.80,ALTO,"2025-10-26 15:06:04"
e4d112bf,1,10.65,32,0,23,48,37036.41,ALTO,"2025-10-26 15:06:04"
e5cb1dc2,1,12.85,35,0,25,48,48023.56,ALTO,"2025-10-26 15:06:04"
e6453f6d,1,4.25,15,0,26,60,27344.78,MEDIO,"2025-10-26 15:06:04"
e69c5681,1,7.57,30,0,27,60,49019.13,ALTO,"2025-10-26 15:06:04"
e6f7c2a7,1,3.38,11,0,23,60,37181.64,MEDIO,"2025-10-26 15:06:04"
e8e9ab8e,1,6.79,20,0,22,48,36112.62,MEDIO,"2025-10-26 15:06:04"
e94b4bda,1,11.03,24,0,25,36,24407.72,ALTO,"2025-10-26 15:06:04"
e998276c,1,4.97,18,0,26,60,48149.33,MEDIO,"2025-10-26 15:06:04"
eb3f3e2d,1,11.72,25,0,29,36,37813.66,ALTO,"2025-10-26 15:06:04"
ec386614,1,8.50,20,0,23,36,37515.24,MEDIO,"2025-10-26 15:06:04"
ed235272,1,7.63,21,0,26,48,24707.79,MEDIO,"2025-10-26 15:06:04"
ed937e58,1,3.23,11,0,29,60,49601.37,MEDIO,"2025-10-26 15:06:04"
f124ce2c,1,8.43,31,0,29,60,48505.50,ALTO,"2025-10-26 15:06:04"
f1fc6f21,1,2.23,7,0,27,48,49362.89,BAJO,"2025-10-26 15:06:04"
f37ab346,1,4.71,12,0,24,48,36307.36,MEDIO,"2025-10-26 15:06:04"
f3ee2de1,1,9.00,22,0,28,36,37674.52,ALTO,"2025-10-26 15:06:04"
f5386185,1,4.33,10,0,29,36,37950.78,MEDIO,"2025-10-26 15:06:04"
f5e185a3,1,5.30,20,0,22,60,59910.78,MEDIO,"2025-10-26 15:06:04"
f910dd00,1,6.87,28,0,22,60,48688.40,ALTO,"2025-10-26 15:06:04"
f918f29a,1,0.53,2,0,26,60,37565.65,BAJO,"2025-10-26 15:06:04"
f94a44e7,1,10.38,31,0,21,48,48252.02,ALTO,"2025-10-26 15:06:04"
f95a77fe,2,2.92,15,0,26,60,59667.87,MEDIO,"2025-10-26 15:06:04"
fbc36cc0,1,8.02,23,0,27,48,24723.67,MEDIO,"2025-10-26 15:06:04"
fc1a2ead,1,8.23,33,0,21,60,24746.55,ALTO,"2025-10-26 15:06:04"
fd4f8403,1,6.64,16,0,26,36,37899.78,MEDIO,"2025-10-26 15:06:04"
fdcf8f5e,1,3.90,15,0,22,60,26145.80,MEDIO,"2025-10-26 15:06:04"
fe5671db,1,7.85,28,0,25,60,48312.61,ALTO,"2025-10-26 15:06:04"
fe9a7632,1,4.72,11,0,30,36,26991.30,MEDIO,"2025-10-26 15:06:04"
